{
  "project_info": {
    "project_number": "277112336014",
    "firebase_url": "https://greenimpact-d4e00.firebaseio.com",
    "project_id": "greenimpact-d4e00",
    "storage_bucket": "greenimpact-d4e00.appspot.com"
  },
  "client": [
    {
      "client_info": {
        "mobilesdk_app_id": "1:277112336014:android:15a9b44285746ea07663df",
        "android_client_info": {
          "package_name": "com.example.greenimpact"
        }
      },
      "oauth_client": [
        {
          "client_id": "277112336014-uvpcnd52p804bnjvhv65ttqssjo6sk8r.apps.googleusercontent.com",
          "client_type": 3
        }
      ],
      "api_key": [
        {
          "current_key": "AIzaSyDc6spkLNnTioz7sGf0ZTjtXM8a-cEXKKQ"
        }
      ],
      "services": {
        "appinvite_service": {
          "other_platform_oauth_client": [
            {
              "client_id": "277112336014-uvpcnd52p804bnjvhv65ttqssjo6sk8r.apps.googleusercontent.com",
              "client_type": 3
            }
          ]
        }
      }
    },
    {
      "client_info": {
        "mobilesdk_app_id": "1:277112336014:android:e5e5847afae6f7527663df",
        "android_client_info": {
          "package_name": "com.example.greenimpact1"
        }
      },
      "oauth_client": [
        {
          "client_id": "277112336014-uvpcnd52p804bnjvhv65ttqssjo6sk8r.apps.googleusercontent.com",
          "client_type": 3
        }
      ],
      "api_key": [
        {
          "current_key": "AIzaSyDc6spkLNnTioz7sGf0ZTjtXM8a-cEXKKQ"
        }
      ],
      "services": {
        "appinvite_service": {
          "other_platform_oauth_client": [
            {
              "client_id": "277112336014-uvpcnd52p804bnjvhv65ttqssjo6sk8r.apps.googleusercontent.com",
              "client_type": 3
            }
          ]
        }
      }
    }
  ],
  "configuration_version": "1"
}